[
{
    "model": "cruises.ship",
    "pk": 1,
    "fields": {
        "name": "Focused content-based migration",
        "tonnage": 8900
    }
},
{
    "model": "cruises.ship",
    "pk": 2,
    "fields": {
        "name": "Reactive interactive superstructure",
        "tonnage": 6500
    }
},
{
    "model": "cruises.ship",
    "pk": 3,
    "fields": {
        "name": "User-friendly incremental core",
        "tonnage": 6500
    }
},
{
    "model": "cruises.ship",
    "pk": 4,
    "fields": {
        "name": "Persevering full-range architecture",
        "tonnage": 9700
    }
},
{
    "model": "cruises.ship",
    "pk": 5,
    "fields": {
        "name": "Profit-focused solution-oriented paradigm",
        "tonnage": 900
    }
},
{
    "model": "cruises.cabin",
    "pk": 1,
    "fields": {
        "ship_id": 1,
        "name": "Yolanda",
        "beds": 2,
        "deck": 1
    }
},
{
    "model": "cruises.cabin",
    "pk": 2,
    "fields": {
        "ship_id": 1,
        "name": "Shannon",
        "beds": 2,
        "deck": 3
    }
},
{
    "model": "cruises.cabin",
    "pk": 3,
    "fields": {
        "ship_id": 1,
        "name": "Julie",
        "beds": 1,
        "deck": 1
    }
},
{
    "model": "cruises.cabin",
    "pk": 4,
    "fields": {
        "ship_id": 1,
        "name": "Lisa",
        "beds": 3,
        "deck": 1
    }
},
{
    "model": "cruises.cabin",
    "pk": 5,
    "fields": {
        "ship_id": 1,
        "name": "Steven",
        "beds": 1,
        "deck": 1
    }
},
{
    "model": "cruises.cabin",
    "pk": 6,
    "fields": {
        "ship_id": 1,
        "name": "Kaitlyn",
        "beds": 3,
        "deck": 2
    }
},
{
    "model": "cruises.cabin",
    "pk": 7,
    "fields": {
        "ship_id": 1,
        "name": "Thomas",
        "beds": 1,
        "deck": 1
    }
},
{
    "model": "cruises.cabin",
    "pk": 8,
    "fields": {
        "ship_id": 1,
        "name": "Jose",
        "beds": 1,
        "deck": 3
    }
},
{
    "model": "cruises.cabin",
    "pk": 9,
    "fields": {
        "ship_id": 1,
        "name": "John",
        "beds": 3,
        "deck": 2
    }
},
{
    "model": "cruises.cabin",
    "pk": 10,
    "fields": {
        "ship_id": 1,
        "name": "Andrew",
        "beds": 2,
        "deck": 2
    }
},
{
    "model": "cruises.cabin",
    "pk": 11,
    "fields": {
        "ship_id": 2,
        "name": "Barry",
        "beds": 3,
        "deck": 3
    }
},
{
    "model": "cruises.cabin",
    "pk": 12,
    "fields": {
        "ship_id": 2,
        "name": "Julia",
        "beds": 1,
        "deck": 1
    }
},
{
    "model": "cruises.cabin",
    "pk": 13,
    "fields": {
        "ship_id": 2,
        "name": "Sandra",
        "beds": 3,
        "deck": 2
    }
},
{
    "model": "cruises.cabin",
    "pk": 14,
    "fields": {
        "ship_id": 2,
        "name": "Michael",
        "beds": 3,
        "deck": 2
    }
},
{
    "model": "cruises.cabin",
    "pk": 15,
    "fields": {
        "ship_id": 2,
        "name": "Deborah",
        "beds": 3,
        "deck": 1
    }
},
{
    "model": "cruises.cabin",
    "pk": 16,
    "fields": {
        "ship_id": 2,
        "name": "Dennis",
        "beds": 1,
        "deck": 1
    }
},
{
    "model": "cruises.cabin",
    "pk": 17,
    "fields": {
        "ship_id": 2,
        "name": "Michael",
        "beds": 3,
        "deck": 2
    }
},
{
    "model": "cruises.cabin",
    "pk": 18,
    "fields": {
        "ship_id": 2,
        "name": "Chris",
        "beds": 3,
        "deck": 3
    }
},
{
    "model": "cruises.cabin",
    "pk": 19,
    "fields": {
        "ship_id": 2,
        "name": "Melissa",
        "beds": 1,
        "deck": 3
    }
},
{
    "model": "cruises.cabin",
    "pk": 20,
    "fields": {
        "ship_id": 2,
        "name": "Justin",
        "beds": 2,
        "deck": 1
    }
},
{
    "model": "cruises.cabin",
    "pk": 21,
    "fields": {
        "ship_id": 3,
        "name": "Zachary",
        "beds": 1,
        "deck": 3
    }
},
{
    "model": "cruises.cabin",
    "pk": 22,
    "fields": {
        "ship_id": 3,
        "name": "Cynthia",
        "beds": 2,
        "deck": 2
    }
},
{
    "model": "cruises.cabin",
    "pk": 23,
    "fields": {
        "ship_id": 3,
        "name": "Thomas",
        "beds": 2,
        "deck": 3
    }
},
{
    "model": "cruises.cabin",
    "pk": 24,
    "fields": {
        "ship_id": 3,
        "name": "David",
        "beds": 1,
        "deck": 3
    }
},
{
    "model": "cruises.cabin",
    "pk": 25,
    "fields": {
        "ship_id": 3,
        "name": "Richard",
        "beds": 1,
        "deck": 1
    }
},
{
    "model": "cruises.cabin",
    "pk": 26,
    "fields": {
        "ship_id": 3,
        "name": "Cheryl",
        "beds": 3,
        "deck": 1
    }
},
{
    "model": "cruises.cabin",
    "pk": 27,
    "fields": {
        "ship_id": 3,
        "name": "Barbara",
        "beds": 1,
        "deck": 1
    }
},
{
    "model": "cruises.cabin",
    "pk": 28,
    "fields": {
        "ship_id": 3,
        "name": "Sean",
        "beds": 2,
        "deck": 2
    }
},
{
    "model": "cruises.cabin",
    "pk": 29,
    "fields": {
        "ship_id": 3,
        "name": "Michael",
        "beds": 1,
        "deck": 3
    }
},
{
    "model": "cruises.cabin",
    "pk": 30,
    "fields": {
        "ship_id": 3,
        "name": "Margaret",
        "beds": 3,
        "deck": 3
    }
},
{
    "model": "cruises.cabin",
    "pk": 31,
    "fields": {
        "ship_id": 4,
        "name": "Rachel",
        "beds": 3,
        "deck": 3
    }
},
{
    "model": "cruises.cabin",
    "pk": 32,
    "fields": {
        "ship_id": 4,
        "name": "Brenda",
        "beds": 1,
        "deck": 3
    }
},
{
    "model": "cruises.cabin",
    "pk": 33,
    "fields": {
        "ship_id": 4,
        "name": "Adam",
        "beds": 2,
        "deck": 2
    }
},
{
    "model": "cruises.cabin",
    "pk": 34,
    "fields": {
        "ship_id": 4,
        "name": "Rebecca",
        "beds": 1,
        "deck": 1
    }
},
{
    "model": "cruises.cabin",
    "pk": 35,
    "fields": {
        "ship_id": 4,
        "name": "Beth",
        "beds": 1,
        "deck": 2
    }
},
{
    "model": "cruises.cabin",
    "pk": 36,
    "fields": {
        "ship_id": 4,
        "name": "Marcus",
        "beds": 1,
        "deck": 1
    }
},
{
    "model": "cruises.cabin",
    "pk": 37,
    "fields": {
        "ship_id": 4,
        "name": "Randall",
        "beds": 1,
        "deck": 2
    }
},
{
    "model": "cruises.cabin",
    "pk": 38,
    "fields": {
        "ship_id": 4,
        "name": "Nancy",
        "beds": 3,
        "deck": 3
    }
},
{
    "model": "cruises.cabin",
    "pk": 39,
    "fields": {
        "ship_id": 4,
        "name": "Benjamin",
        "beds": 1,
        "deck": 3
    }
},
{
    "model": "cruises.cabin",
    "pk": 40,
    "fields": {
        "ship_id": 4,
        "name": "Kelly",
        "beds": 1,
        "deck": 1
    }
},
{
    "model": "cruises.cabin",
    "pk": 41,
    "fields": {
        "ship_id": 5,
        "name": "Jennifer",
        "beds": 2,
        "deck": 2
    }
},
{
    "model": "cruises.cabin",
    "pk": 42,
    "fields": {
        "ship_id": 5,
        "name": "Julia",
        "beds": 1,
        "deck": 1
    }
},
{
    "model": "cruises.cabin",
    "pk": 43,
    "fields": {
        "ship_id": 5,
        "name": "Kristen",
        "beds": 3,
        "deck": 3
    }
},
{
    "model": "cruises.cabin",
    "pk": 44,
    "fields": {
        "ship_id": 5,
        "name": "Troy",
        "beds": 3,
        "deck": 1
    }
},
{
    "model": "cruises.cabin",
    "pk": 45,
    "fields": {
        "ship_id": 5,
        "name": "Sonya",
        "beds": 3,
        "deck": 2
    }
},
{
    "model": "cruises.cabin",
    "pk": 46,
    "fields": {
        "ship_id": 5,
        "name": "Brian",
        "beds": 2,
        "deck": 3
    }
},
{
    "model": "cruises.cabin",
    "pk": 47,
    "fields": {
        "ship_id": 5,
        "name": "Laura",
        "beds": 2,
        "deck": 3
    }
},
{
    "model": "cruises.cabin",
    "pk": 48,
    "fields": {
        "ship_id": 5,
        "name": "Justin",
        "beds": 2,
        "deck": 1
    }
},
{
    "model": "cruises.cabin",
    "pk": 49,
    "fields": {
        "ship_id": 5,
        "name": "Jennifer",
        "beds": 3,
        "deck": 2
    }
},
{
    "model": "cruises.cabin",
    "pk": 50,
    "fields": {
        "ship_id": 5,
        "name": "Kim",
        "beds": 2,
        "deck": 1
    }
},
{
    "model": "cruises.cruise",
    "pk": 1,
    "fields": {
        "ship_id": 1,
        "name": "Hubbard, Campbell and Bullock"
    }
},
{
    "model": "cruises.cruise",
    "pk": 2,
    "fields": {
        "ship_id": 2,
        "name": "Knox, Tate and Cardenas"
    }
},
{
    "model": "cruises.cruise",
    "pk": 3,
    "fields": {
        "ship_id": 3,
        "name": "Ramirez and Sons"
    }
},
{
    "model": "cruises.cruise",
    "pk": 4,
    "fields": {
        "ship_id": 4,
        "name": "Smith LLC"
    }
},
{
    "model": "cruises.cruise",
    "pk": 5,
    "fields": {
        "ship_id": 5,
        "name": "Mendoza Ltd"
    }
}
]
